reasoning_type	num_tests	acc_wo_partial_credit	acc_w_partial_credit	stdev_acc_w_partial_credit
motion	3	0.0	0.5191615226337448	0.3741533924953351
orientation	8	0.25	0.5431411985367063	0.44094236113910884
containment	16	0.25	0.4168692129629629	0.4063641079309765
