reasoning_type	num_tests	acc_wo_partial_credit	acc_w_partial_credit	stdev_acc_w_partial_credit
motion	3	0.0	0.520190329218107	0.36828361431188844
orientation	8	0.25	0.5772336929563493	0.38412029818694116
containment	16	0.25	0.48395543981481476	0.4121398799975044
