reasoning_type	num_tests	acc_wo_partial_credit	acc_w_partial_credit	stdev_acc_w_partial_credit
motion	3	0.0	0.5176183127572017	0.3770494110488492
orientation	8	0.0	0.5834767175099206	0.3457835873932171
containment	16	0.4375	0.5941840277777778	0.4685761557134778
