reasoning_type	num_tests	acc_wo_partial_credit	acc_w_partial_credit	stdev_acc_w_partial_credit
motion	3	0.0	0.3393775720164609	0.45187778355740893
orientation	8	0.125	0.4244791666666667	0.45130713610967377
containment	16	0.125	0.3109085648148148	0.41151811921582915
