reasoning_type	num_tests	acc_wo_partial_credit	acc_w_partial_credit	stdev_acc_w_partial_credit
motion	3	0.0	0.5217335390946501	0.36981352994918804
orientation	8	0.0	0.6373581659226191	0.16065486393083675
containment	16	0.125	0.5158420138888888	0.4177527557306781
