reasoning_type	num_tests	acc_wo_partial_credit	acc_w_partial_credit	stdev_acc_w_partial_credit
motion	3	0.0	0.5122170781893004	0.36374255739651334
orientation	8	0.125	0.5795317150297619	0.4066023241364472
containment	16	0.125	0.4829764660493827	0.41173621702674834
