reasoning_type	num_tests	acc_wo_partial_credit	acc_w_partial_credit	stdev_acc_w_partial_credit
motion	3	0.0	0.3977623456790123	0.30415282757225043
orientation	8	0.0	0.2432861328125	0.2980014503406216
containment	16	0.1875	0.5488715277777778	0.3972574527467125
