reasoning_type	num_tests	acc_wo_partial_credit	acc_w_partial_credit	stdev_acc_w_partial_credit
motion	3	0.0	0.45216049382716045	0.3362002341907243
orientation	8	0.0	0.6212681361607143	0.335513835875303
containment	16	0.1875	0.5411265432098765	0.40911062576234086
