reasoning_type	num_tests	acc_wo_partial_credit	acc_w_partial_credit	stdev_acc_w_partial_credit
motion	3	0.0	0.53125	0.3758889645702143
orientation	8	0.125	0.4842354910714286	0.4578160719889433
containment	16	0.1875	0.43875385802469136	0.412125259587395
