reasoning_type	num_tests	acc_wo_partial_credit	acc_w_partial_credit	stdev_acc_w_partial_credit
motion	3	0.0	0.5641718106995884	0.39897700163384375
orientation	8	0.0	0.6194525824652777	0.2507616229438976
containment	16	0.125	0.37187017746913587	0.35923972827460804
