reasoning_type	num_tests	acc_wo_partial_credit	acc_w_partial_credit	stdev_acc_w_partial_credit
motion	3	0.0	0.5126028806584362	0.3761362811062902
orientation	8	0.125	0.642027839781746	0.30930070508105006
containment	16	0.25	0.6099826388888888	0.4724851179272793
