reasoning_type	num_tests	acc_wo_partial_credit	acc_w_partial_credit	stdev_acc_w_partial_credit
motion	3	0.0	0.5707304526748972	0.4047224613852267
orientation	8	0.0	0.5907350570436508	0.27110414934438987
containment	16	0.125	0.4730179398148148	0.40568298551961207
