reasoning_type	num_tests	acc_wo_partial_credit	acc_w_partial_credit	stdev_acc_w_partial_credit
motion	3	0.0	0.5893775720164609	0.41676362199450456
orientation	8	0.375	0.4998256138392857	0.48981984251248645
containment	16	0.1875	0.24369212962962963	0.3785787763061608
