reasoning_type	num_tests	acc_wo_partial_credit	acc_w_partial_credit	stdev_acc_w_partial_credit
motion	3	0.0	0.44058641975308643	0.3121336698540001
orientation	8	0.0	0.5245826357886905	0.24839876615009657
containment	16	0.5	0.6227430555555555	0.4824444739827228
