reasoning_type	num_tests	acc_wo_partial_credit	acc_w_partial_credit	stdev_acc_w_partial_credit
motion	3	0.0	0.5847479423868313	0.41352965922981577
orientation	8	0.375	0.49758184523809523	0.4894100914635221
containment	16	0.1875	0.24369212962962963	0.3785787763061608
