reasoning_type	num_tests	acc_wo_partial_credit	acc_w_partial_credit	stdev_acc_w_partial_credit
motion	3	0.3333333333333333	0.3333333333333333	0.4714045207910317
orientation	8	0.5	0.5	0.5
containment	16	0.3125	0.3225694444444444	0.4573504560202314
