reasoning_type	num_tests	acc_wo_partial_credit	acc_w_partial_credit	stdev_acc_w_partial_credit
motion	3	0.0	0.4567901234567901	0.3240305918310989
orientation	8	0.0	0.5221644810267857	0.2682760716138912
containment	16	0.5	0.6227430555555555	0.4824444739827228
