reasoning_type	num_tests	acc_wo_partial_credit	acc_w_partial_credit	stdev_acc_w_partial_credit
motion	3	0.0	0.5664866255144033	0.3340859792597708
orientation	8	0.0	0.614164806547619	0.31989997991437397
containment	16	0.125	0.5362606095679012	0.39850054767659154
