reasoning_type	num_tests	acc_wo_partial_credit	acc_w_partial_credit	stdev_acc_w_partial_credit
motion	3	0.0	0.6040380658436214	0.41487554332021115
orientation	8	0.0	0.49188329303075395	0.33900397399278326
containment	16	0.1875	0.4596402391975309	0.4295645703115312
