reasoning_type	num_tests	acc_wo_partial_credit	acc_w_partial_credit	stdev_acc_w_partial_credit
motion	3	0.0	0.536522633744856	0.3794364614300326
orientation	8	0.0	0.491943359375	0.4650368319665254
containment	16	0.1875	0.43875385802469136	0.412125259587395
