reasoning_type	num_tests	acc_wo_partial_credit	acc_w_partial_credit	stdev_acc_w_partial_credit
motion	3	0.0	0.5604423868312757	0.39749318243702414
orientation	8	0.25	0.5581519717261905	0.37495588113724976
containment	16	0.125	0.44185956790123454	0.35496239811654146
