reasoning_type	num_tests	acc_wo_partial_credit	acc_w_partial_credit	stdev_acc_w_partial_credit
motion	3	0.0	0.46296296296296297	0.3440492887988573
orientation	8	0.0	0.6204233320932541	0.3422397210343061
containment	16	0.1875	0.5411265432098765	0.40911062576234086
