reasoning_type	num_tests	acc_wo_partial_credit	acc_w_partial_credit	stdev_acc_w_partial_credit
motion	3	0.0	0.5200617283950617	0.3747690560097345
orientation	8	0.0	0.5952012803819445	0.2988708162097682
containment	16	0.4375	0.5941840277777778	0.4685761557134778
