reasoning_type	num_tests	acc_wo_partial_credit	acc_w_partial_credit	stdev_acc_w_partial_credit
motion	3	0.0	0.5727880658436214	0.4060578267900248
orientation	8	0.0	0.5534706721230158	0.36200309169907274
containment	16	0.125	0.4730179398148148	0.40568298551961207
