reasoning_type	num_tests	acc_wo_partial_credit	acc_w_partial_credit	stdev_acc_w_partial_credit
motion	3	0.0	0.5039866255144033	0.3646667215441257
orientation	8	0.25	0.661072746155754	0.34825004862156084
containment	16	0.4375	0.6035590277777777	0.472984466696741
