reasoning_type	num_tests	acc_wo_partial_credit	acc_w_partial_credit	stdev_acc_w_partial_credit
motion	3	0.0	0.5978652263374485	0.40850905160309936
orientation	8	0.0	0.5223679315476191	0.29647417664227244
containment	16	0.1875	0.4596402391975309	0.4295645703115312
