reasoning_type	num_tests	acc_wo_partial_credit	acc_w_partial_credit	stdev_acc_w_partial_credit
motion	3	0.0	0.5303497942386831	0.37618112636695844
orientation	8	0.0	0.5882355220734128	0.2253194786890319
containment	16	0.125	0.5158420138888888	0.4177527557306781
