reasoning_type	num_tests	acc_wo_partial_credit	acc_w_partial_credit	stdev_acc_w_partial_credit
motion	3	0.0	0.45859053497942387	0.11200075959092465
orientation	8	0.0	0.2592347160218254	0.24114951166091347
containment	16	0.0	0.31217689043209873	0.2444889684530831
