reasoning_type	num_tests	acc_wo_partial_credit	acc_w_partial_credit	stdev_acc_w_partial_credit
motion	3	0.0	0.5547839506172839	0.39338384284669525
orientation	8	0.25	0.5637323288690477	0.3391324153470604
containment	16	0.125	0.44185956790123454	0.35496239811654146
