reasoning_type	num_tests	acc_wo_partial_credit	acc_w_partial_credit	stdev_acc_w_partial_credit
motion	3	0.0	0.5527263374485597	0.3924828436125416
orientation	8	0.0	0.6308128720238095	0.22924304696640643
containment	16	0.1875	0.49776234567901234	0.3971326636859538
