reasoning_type	num_tests	acc_wo_partial_credit	acc_w_partial_credit	stdev_acc_w_partial_credit
motion	3	0.0	0.5643004115226337	0.3990703808031334
orientation	8	0.125	0.6070033482142857	0.3429740771250544
containment	16	0.125	0.37187017746913587	0.35923972827460804
