reasoning_type	num_tests	acc_wo_partial_credit	acc_w_partial_credit	stdev_acc_w_partial_credit
motion	3	0.0	0.6203703703703703	0.2446267558078316
orientation	8	0.25	0.5991443452380952	0.24470111752965676
containment	16	0.25	0.5629050925925926	0.35768323001372376
