reasoning_type	num_tests	acc_wo_partial_credit	acc_w_partial_credit	stdev_acc_w_partial_credit
motion	3	0.0	0.5114454732510288	0.3714771397002833
orientation	8	0.0	0.6156567770337302	0.312359371029281
containment	16	0.25	0.4168692129629629	0.4063641079309765
