reasoning_type	num_tests	acc_wo_partial_credit	acc_w_partial_credit	stdev_acc_w_partial_credit
motion	3	0.0	0.5520833333333334	0.3922229388969128
orientation	8	0.0	0.5981832837301587	0.2581020545926998
containment	16	0.1875	0.49776234567901234	0.3971326636859538
