reasoning_type	num_tests	acc_wo_partial_credit	acc_w_partial_credit	stdev_acc_w_partial_credit
motion	3	0.0	0.5030864197530864	0.3632923858872518
orientation	8	0.125	0.6398247612847222	0.36102813573343745
containment	16	0.4375	0.6035590277777777	0.472984466696741
