reasoning_type	num_tests	acc_wo_partial_credit	acc_w_partial_credit	stdev_acc_w_partial_credit
motion	3	0.0	0.5534979423868313	0.3916164712954931
orientation	8	0.125	0.6711483909970237	0.19234194108081532
containment	16	0.1875	0.4145061728395062	0.42164008197140296
