reasoning_type	num_tests	acc_wo_partial_credit	acc_w_partial_credit	stdev_acc_w_partial_credit
motion	3	0.0	0.4895833333333333	0.34840205928370027
orientation	8	0.25	0.504700675843254	0.46676325689117737
containment	16	0.25	0.4211805555555555	0.4255555045601217
