reasoning_type	num_tests	acc_wo_partial_credit	acc_w_partial_credit	stdev_acc_w_partial_credit
motion	3	0.0	0.5285493827160493	0.35855408546575834
orientation	8	0.25	0.5802118210565477	0.32061844568432535
containment	16	0.0625	0.5186390817901233	0.3570923443316098
