reasoning_type	num_tests	acc_wo_partial_credit	acc_w_partial_credit	stdev_acc_w_partial_credit
motion	3	0.0	0.33590534979423864	0.46661053793420326
orientation	8	0.25	0.4542643229166667	0.4664101020260593
containment	16	0.125	0.3109085648148148	0.41151811921582915
