reasoning_type	num_tests	acc_wo_partial_credit	acc_w_partial_credit	stdev_acc_w_partial_credit
motion	12	0.3333333333333333	0.7648726851851851	0.2561349326257655
orientation	9	0.0	0.45590760030864197	0.2994932004557768
distance	20	0.45	0.6226851851851851	0.43656317491599056
containment	28	0.21428571428571427	0.5508426196565582	0.41294942293922
