reasoning_type	num_tests	acc_wo_partial_credit	acc_w_partial_credit	stdev_acc_w_partial_credit
motion	12	0.5833333333333334	0.8225694444444445	0.2869684011054609
orientation	9	0.2222222222222222	0.5065744874338624	0.43260966839976644
distance	20	0.45	0.7803703703703703	0.33947449908368776
containment	28	0.32142857142857145	0.5895660800552104	0.40933273507602097
