reasoning_type	num_tests	acc_wo_partial_credit	acc_w_partial_credit	stdev_acc_w_partial_credit
motion	12	0.4166666666666667	0.8299768518518517	0.19201647019004786
orientation	9	0.0	0.39282094256052585	0.20195189894367
distance	20	0.35	0.6255864197530865	0.40861859221264546
containment	28	0.35714285714285715	0.6153330897576421	0.4369946523660445
