reasoning_type	num_tests	acc_wo_partial_credit	acc_w_partial_credit	stdev_acc_w_partial_credit
motion	12	0.3333333333333333	0.7780671296296297	0.2655075627488665
orientation	9	0.0	0.3216610549943883	0.27048506676542083
distance	20	0.55	0.5860802469135802	0.4642818446462228
containment	28	0.32142857142857145	0.5241761559696343	0.46222275880618646
