reasoning_type	num_tests	acc_wo_partial_credit	acc_w_partial_credit	stdev_acc_w_partial_credit
motion	12	0.08333333333333333	0.45555555555555555	0.37276252935640014
orientation	9	0.0	0.248026207010582	0.29246021866572225
distance	20	0.35	0.5325	0.4554040229006262
containment	28	0.17857142857142858	0.30200939071280686	0.43953918428675687
