reasoning_type	num_tests	acc_wo_partial_credit	acc_w_partial_credit	stdev_acc_w_partial_credit
motion	12	0.5	0.8359953703703705	0.20417332624353363
orientation	9	0.0	0.47331881563652395	0.31071795634230154
distance	20	0.45	0.6790432098765432	0.3904623018132821
containment	28	0.32142857142857145	0.6268762939958592	0.40880133584666145
