reasoning_type	num_tests	acc_wo_partial_credit	acc_w_partial_credit	stdev_acc_w_partial_credit
motion	12	0.5	0.7884259259259259	0.2681756671345719
orientation	9	0.0	0.47346950406846244	0.31174226286989076
distance	20	0.45	0.6375617283950616	0.421981163362645
containment	28	0.2857142857142857	0.5469466772216133	0.4328897143402847
