reasoning_type	num_tests	acc_wo_partial_credit	acc_w_partial_credit	stdev_acc_w_partial_credit
motion	12	0.6666666666666666	0.8305555555555556	0.2623640153359639
orientation	9	0.0	0.38399126432980607	0.24881627330475345
distance	20	0.45	0.7519444444444444	0.3269210791235534
containment	28	0.32142857142857145	0.6166385032273779	0.4183354945081082
