reasoning_type	num_tests	acc_wo_partial_credit	acc_w_partial_credit	stdev_acc_w_partial_credit
motion	12	0.4166666666666667	0.7700810185185185	0.27200711017526136
orientation	9	0.0	0.3446180555555556	0.18633650909892388
distance	20	0.5	0.6127469135802469	0.46273559334425574
containment	28	0.2857142857142857	0.4406829760889863	0.42308174720085595
