reasoning_type	num_tests	acc_wo_partial_credit	acc_w_partial_credit	stdev_acc_w_partial_credit
motion	12	0.5	0.8087962962962963	0.27799721270967526
orientation	9	0.1111111111111111	0.505926577280744	0.31367848689234545
distance	20	0.55	0.7186111111111111	0.3753569289011115
containment	28	0.35714285714285715	0.606461606381683	0.3996932602537003
