reasoning_type	num_tests	acc_wo_partial_credit	acc_w_partial_credit	stdev_acc_w_partial_credit
motion	12	0.25	0.7252893518518518	0.27742272713155036
orientation	9	0.0	0.3534090909090909	0.4033725722671249
distance	20	0.45	0.624104938271605	0.4345422303637666
containment	28	0.39285714285714285	0.5553627248000649	0.4602180694499081
