reasoning_type	num_tests	acc_wo_partial_credit	acc_w_partial_credit	stdev_acc_w_partial_credit
motion	12	0.5833333333333334	0.8260416666666667	0.2888360912623988
orientation	9	0.0	0.34277265462161294	0.37805391945085415
distance	20	0.5	0.7270987654320988	0.36672209852435367
containment	28	0.2857142857142857	0.516347299789481	0.42500106157155243
