reasoning_type	num_tests	acc_wo_partial_credit	acc_w_partial_credit	stdev_acc_w_partial_credit
motion	12	0.25	0.3333333333333333	0.4609301435382831
orientation	9	0.1111111111111111	0.37701794733044736	0.4321813476591453
distance	20	0.2	0.3839814814814814	0.4666763208143082
containment	28	0.0	0.23640996253573895	0.3474819105539662
