reasoning_type	num_tests	acc_wo_partial_credit	acc_w_partial_credit	stdev_acc_w_partial_credit
motion	12	0.4166666666666667	0.8122685185185187	0.22245490807859888
orientation	9	0.0	0.2573231696929614	0.2562989610083485
distance	20	0.45	0.6149074074074073	0.44490503718488383
containment	28	0.39285714285714285	0.575698757763975	0.4622332866888485
