reasoning_type	num_tests	acc_wo_partial_credit	acc_w_partial_credit	stdev_acc_w_partial_credit
motion	12	0.3333333333333333	0.3333333333333333	0.4714045207910317
orientation	9	0.4444444444444444	0.4444444444444444	0.4969039949999533
distance	20	0.3	0.3055555555555555	0.45518616460130296
containment	28	0.4642857142857143	0.5075637138913536	0.48410550437194527
