reasoning_type	num_tests	acc_wo_partial_credit	acc_w_partial_credit	stdev_acc_w_partial_credit
motion	12	0.3333333333333333	0.3333333333333333	0.4714045207910317
orientation	9	0.4444444444444444	0.4444444444444444	0.4969039949999533
distance	20	0.4	0.4	0.48989794855663565
containment	28	0.2857142857142857	0.2857142857142857	0.45175395145262565
