reasoning_type	num_tests	acc_wo_partial_credit	acc_w_partial_credit	stdev_acc_w_partial_credit
motion	12	0.0	0.3522569444444444	0.19366766242127567
orientation	9	0.0	0.21606522817460316	0.2188026597759909
distance	20	0.0	0.32305555555555554	0.2753688603659812
containment	28	0.03571428571428571	0.4540404930087978	0.283337956723522
