reasoning_type	num_tests	acc_wo_partial_credit	acc_w_partial_credit	stdev_acc_w_partial_credit
motion	12	0.25	0.6421296296296296	0.4302266266450142
orientation	9	0.0	0.619345488616322	0.33024895104028723
distance	20	0.1	0.495679012345679	0.3852045242850152
containment	28	0.17857142857142858	0.6214944311057756	0.3875470014320481
