reasoning_type	num_tests	acc_wo_partial_credit	acc_w_partial_credit	stdev_acc_w_partial_credit
motion	12	0.3333333333333333	0.6791087962962962	0.3182832228306815
orientation	9	0.0	0.37437018999519	0.32347959361959955
distance	20	0.15	0.5440432098765433	0.4306763747028338
containment	28	0.14285714285714285	0.4780046076401576	0.4319356132239957
