reasoning_type	num_tests	acc_wo_partial_credit	acc_w_partial_credit	stdev_acc_w_partial_credit
motion	12	0.4166666666666667	0.766435185185185	0.265650693706095
orientation	9	0.0	0.3992795013628347	0.24651358114090985
distance	20	0.35	0.6016049382716049	0.38250837655060893
containment	28	0.32142857142857145	0.6456988592538464	0.41296267982706913
