reasoning_type	num_tests	acc_wo_partial_credit	acc_w_partial_credit	stdev_acc_w_partial_credit
motion	12	0.5833333333333334	0.8296874999999999	0.25973817863566423
orientation	9	0.1111111111111111	0.5006571168029501	0.2547929477059812
distance	20	0.25	0.6190432098765432	0.4369573528441214
containment	28	0.2857142857142857	0.5554819753988552	0.41848209675826037
