reasoning_type	num_tests	acc_wo_partial_credit	acc_w_partial_credit	stdev_acc_w_partial_credit
motion	12	0.08333333333333333	0.5237268518518519	0.358706137866031
orientation	9	0.0	0.28744720268157775	0.33475355613953384
distance	20	0.55	0.6953703703703703	0.3997823910822971
containment	28	0.39285714285714285	0.46855590062111796	0.4721980391597531
