reasoning_type	num_tests	acc_wo_partial_credit	acc_w_partial_credit	stdev_acc_w_partial_credit
motion	12	0.6666666666666666	0.8972222222222221	0.16785456300317741
orientation	9	0.1111111111111111	0.58682728825958	0.3290180918446034
distance	20	0.45	0.7078703703703704	0.3770144225736361
containment	28	0.2857142857142857	0.7312290858372338	0.3710081340960234
