reasoning_type	num_tests	acc_wo_partial_credit	acc_w_partial_credit	stdev_acc_w_partial_credit
motion	12	0.3333333333333333	0.8336805555555555	0.20052667038963032
orientation	9	0.0	0.5361724261463845	0.20900980843581562
distance	20	0.35	0.5820061728395062	0.4541107720772186
containment	28	0.14285714285714285	0.5831434022884515	0.3660801154508015
