reasoning_type	num_tests	acc_wo_partial_credit	acc_w_partial_credit	stdev_acc_w_partial_credit
motion	12	0.5833333333333334	0.8877314814814814	0.1641846763219926
orientation	9	0.0	0.4501898949815617	0.18267436029486148
distance	20	0.4	0.6327777777777778	0.40763507948248434
containment	28	0.42857142857142855	0.7089765253927658	0.39555461368223416
