reasoning_type	num_tests	acc_wo_partial_credit	acc_w_partial_credit	stdev_acc_w_partial_credit
motion	12	0.08333333333333333	0.30416666666666664	0.4355910735234749
orientation	9	0.4444444444444444	0.4444444444444444	0.4969039949999533
distance	20	0.3	0.3	0.45825756949558394
containment	28	0.5	0.5	0.5
