reasoning_type	num_tests	acc_wo_partial_credit	acc_w_partial_credit	stdev_acc_w_partial_credit
motion	12	0.5833333333333334	0.8447916666666666	0.23820026515401793
orientation	9	0.0	0.52564540494228	0.34311730114953704
distance	20	0.35	0.6795987654320987	0.3485555729920284
containment	28	0.25	0.7162787216335811	0.36530503410818127
